,name,github_id,github_url,homepage,license,created_at,updated_at,last_commit_pushed_at,commit_count,recent_commit_count,fork_count,watchers_count,pr_count,open_issue_count,closed_issue_count,star_count,latest_stable_release_published_at,latest_stable_release_number,github_release_downloads,monthly_downloads,release_count,description,dependent_project_count,github_dependent_project_count,contributor_count,projectrank,show,category,projectrank_placing,trending
0,langflow,logspace-ai/langflow,https://github.com/logspace-ai/langflow,https://github.com/logspace-ai/langflow,MIT,2023-02-08 22:28:03,2024-01-11 15:04:46,2024-01-11 15:04:46,7379,1609.0,2085.0,123,712.0,100.0,423.0,14132,2023-12-29 14:03:44,0.6.4,848.0,106.0,100.0,"Langflow is a UI for LangChain, designed with react-flow to provide an effortless way to experiment and prototype flows.",719.0,719.0,84.0,33,True,others,1,
1,saleor,saleor/saleor,https://github.com/saleor/saleor,https://github.com/saleor/saleor,BSD-3-Clause,2013-02-12 16:46:39,2024-01-11 13:37:50,2024-01-10 10:41:05,21021,206.0,5095.0,373,9698.0,580.0,3635.0,19513,2024-01-04 15:17:09,3.18.10,70.0,17.0,100.0,"Saleor Core: the high performance, composable, headless commerce API.",3.0,3.0,284.0,32,True,others,1,-1.0
2,dd-trace-py,DataDog/dd-trace-py,https://github.com/DataDog/dd-trace-py,https://github.com/DataDog/dd-trace-py,,2016-06-20 18:52:23,2024-01-11 18:18:54,2024-01-11 18:08:33,6392,379.0,360.0,518,7152.0,32.0,879.0,458,2023-12-20 16:06:46,2.4.0,66.0,9.0,100.0,Datadog Python APM Client.,1646.0,1646.0,246.0,29,False,others,1,
3,memray,bloomberg/memray,https://github.com/bloomberg/memray,https://github.com/bloomberg/memray,Apache-2.0,2022-04-08 18:04:11,2024-01-10 07:31:16,2024-01-09 21:00:53,1136,39.0,344.0,58,324.0,16.0,127.0,11754,2023-12-04 20:03:53,1.11.0,,,17.0,Memray is a memory profiler for Python.,283.0,283.0,42.0,27,True,others,1,-1.0
4,marvin,PrefectHQ/marvin,https://github.com/PrefectHQ/marvin,https://github.com/PrefectHQ/marvin,Apache-2.0,2023-03-10 18:44:40,2024-01-11 17:45:31,2024-01-09 22:50:18,2628,405.0,259.0,36,558.0,52.0,101.0,4186,2023-11-06 18:57:55,1.5.6,,,43.0,Build AI interfaces that spark joy.,117.0,117.0,29.0,27,True,others,1,
5,aiida-core,aiidateam/aiida-core,https://github.com/aiidateam/aiida-core,https://github.com/aiidateam/aiida-core,,2016-12-23 15:38:21,2024-01-11 13:15:07,2024-01-03 08:21:15,11682,95.0,164.0,25,3149.0,435.0,2591.0,390,2023-12-20 20:37:21,2.5.0,,,30.0,The official repository for the AiiDA code.,277.0,277.0,114.0,27,False,others,1,
6,poetry2nix,nix-community/poetry2nix,https://github.com/nix-community/poetry2nix,https://github.com/nix-community/poetry2nix,MIT,2019-06-17 15:26:38,2024-01-11 15:02:30,2024-01-11 12:06:49,2702,323.0,323.0,9,1078.0,124.0,281.0,644,2024-01-11 12:37:28,2024.1.1145447,,,100.0,Convert poetry projects to nix automagically [maintainer=@adisbladis].,,,243.0,24,True,others,1,
7,harlequin,tconbeer/harlequin,https://github.com/tconbeer/harlequin,https://github.com/tconbeer/harlequin,MIT,2023-05-02 15:44:31,2024-01-10 21:29:16,2024-01-10 21:27:15,225,60.0,29.0,12,257.0,27.0,90.0,1588,2024-01-10 20:44:36,1.9.2,171.0,21.0,48.0,The SQL IDE for Your Terminal.,56.0,56.0,8.0,23,True,others,1,2.0
8,OF-Scraper,datawhores/OF-Scraper,https://github.com/datawhores/OF-Scraper,https://github.com/datawhores/OF-Scraper,MIT,2023-03-22 11:35:12,2024-01-10 23:26:42,2024-01-10 23:26:17,2420,315.0,30.0,14,19.0,13.0,263.0,337,2024-01-07 02:13:04,2aa90fd,3296.0,3296.0,100.0,"A completely revamped and redesigned fork, reimagined from scratch based on the original onlyfans-scraper.",1.0,1.0,10.0,23,True,others,1,
9,YiVal,YiVal/YiVal,https://github.com/YiVal/YiVal,https://github.com/YiVal/YiVal,Apache-2.0,2023-07-15 02:04:35,2023-12-27 07:45:28,2023-12-21 04:44:43,809,244.0,405.0,240,246.0,10.0,9.0,2304,2023-12-08 07:20:29,0.1.0a10,,,9.0,Your Automatic Prompt Engineering Assistant for GenAI Applications.,,,48.0,22,True,others,1,1.0
10,evm-semantics,runtimeverification/evm-semantics,https://github.com/runtimeverification/evm-semantics,https://github.com/runtimeverification/evm-semantics,BSD-3-Clause,2016-10-03 02:08:34,2024-01-11 16:05:01,2024-01-11 09:24:21,3094,97.0,102.0,55,1899.0,80.0,251.0,490,2024-01-11 09:44:06,1.0.413,,,100.0,K Semantics of the Ethereum Virtual Machine (EVM).,,,80.0,22,True,others,1,
11,starwhale,star-whale/starwhale,https://github.com/star-whale/starwhale,https://github.com/star-whale/starwhale,Apache-2.0,2021-12-30 14:26:20,2024-01-11 09:02:41,2024-01-11 07:46:03,2292,233.0,27.0,6,2548.0,159.0,414.0,176,2024-01-05 09:32:09,0.6.10,,,45.0,an MLOps/LLMOps platform.,3.0,3.0,10.0,22,True,others,1,
12,langchain-serve,jina-ai/langchain-serve,https://github.com/jina-ai/langchain-serve,https://github.com/jina-ai/langchain-serve,Apache-2.0,2023-03-21 03:08:56,2023-09-20 04:01:50,2023-09-20 04:01:50,680,,129.0,36,93.0,15.0,35.0,1545,2023-08-22 10:12:03,0.0.61,,,57.0,Langchain apps in production using Jina & FastAPI.,339.0,339.0,6.0,21,True,others,1,
13,PlexTraktSync,Taxel/PlexTraktSync,https://github.com/Taxel/PlexTraktSync,https://github.com/Taxel/PlexTraktSync,MIT,2019-10-21 20:26:32,2024-01-09 15:28:03,2024-01-09 15:28:03,3480,202.0,93.0,22,1087.0,18.0,375.0,1291,,,,,,"A python script that syncs the movies, shows and ratings between trakt and Plex (without needing a PlexPass or Trakt..",,,30.0,21,True,others,1,1.0
14,polar,polarsource/polar,https://github.com/polarsource/polar,https://github.com/polarsource/polar,Apache-2.0,2023-01-26 10:04:27,2024-01-11 15:22:08,2024-01-11 15:22:07,3738,1266.0,28.0,4,1581.0,54.0,498.0,836,2024-01-03 16:13:51,jssdk/v0.2.0,,,3.0,Polar is a creator platform for developers. Lets fix open source funding!.,,,17.0,21,True,others,1,
15,backend.ai,lablup/backend.ai,https://github.com/lablup/backend.ai,https://github.com/lablup/backend.ai,LGPL-3.0,2016-10-06 05:08:49,2024-01-11 15:39:10,2024-01-11 14:49:10,1625,135.0,126.0,25,1180.0,228.0,422.0,446,2023-11-27 08:30:09,23.09.6,4362.0,60.0,97.0,"Backend.AI is a streamlined, container-based computing cluster platform that hosts popular computing/ML frameworks and..",,,77.0,21,True,others,1,
16,traffic,xoolive/traffic,https://github.com/xoolive/traffic,https://github.com/xoolive/traffic,MIT,2018-03-27 20:32:46,2024-01-10 21:02:52,2024-01-10 21:02:46,1380,31.0,74.0,7,241.0,8.0,130.0,331,2023-08-22 15:55:12,2.9.0,54.0,0.0,19.0,A toolbox for processing and analysing air traffic data.,70.0,70.0,33.0,21,True,others,1,
17,bluesky,TUDelft-CNS-ATM/bluesky,https://github.com/TUDelft-CNS-ATM/bluesky,https://github.com/TUDelft-CNS-ATM/bluesky,GPL-3.0,2015-04-01 17:13:37,2023-12-08 08:01:56,2023-12-08 07:54:52,2612,8.0,178.0,42,185.0,14.0,254.0,315,2023-11-22 10:14:43,2023.11.22,1881.0,21.0,10.0,The open source air traffic simulator.,2.0,2.0,38.0,21,True,others,1,
18,maggma,materialsproject/maggma,https://github.com/materialsproject/maggma,https://github.com/materialsproject/maggma,,2017-06-13 20:50:20,2024-01-08 08:02:51,2024-01-05 21:14:57,3123,158.0,29.0,12,829.0,35.0,42.0,31,2024-01-05 21:12:35,0.60.2,,,100.0,MongoDB aggregation machine.,93.0,93.0,28.0,20,False,others,2,
19,trogon,Textualize/trogon,https://github.com/Textualize/trogon,https://github.com/Textualize/trogon,MIT,2023-04-18 16:06:50,2024-01-06 12:03:11,2023-08-21 21:33:21,172,,43.0,20,25.0,27.0,21.0,2226,2023-06-19 09:00:49,0.5.0,,,3.0,Easily turn your Click CLI into a powerful terminal application.,96.0,96.0,6.0,19,True,others,2,-1.0
20,dooit,kraanzu/dooit,https://github.com/kraanzu/dooit,https://github.com/kraanzu/dooit,MIT,2022-04-19 14:49:10,2024-01-07 03:20:12,2024-01-07 03:16:59,908,46.0,77.0,16,37.0,16.0,102.0,1786,2024-01-07 03:20:12,2.1.1,153.0,8.0,10.0,An awesome TUI todo manager.,1.0,1.0,16.0,19,True,others,2,1.0
21,tiptop,nschloe/tiptop,https://github.com/nschloe/tiptop,https://github.com/nschloe/tiptop,MIT,2021-09-24 14:46:17,2024-01-05 12:54:43,2022-09-03 10:08:19,279,,66.0,13,70.0,14.0,28.0,1546,2022-09-03 10:08:30,0.2.8,,,37.0,Command-line system monitoring.,45.0,45.0,3.0,19,False,others,2,
22,rich-cli,Textualize/rich-cli,https://github.com/Textualize/rich-cli,https://github.com/Textualize/rich-cli,MIT,2022-01-22 12:31:52,2023-07-25 19:11:12,2022-06-21 10:32:51,109,,71.0,29,31.0,21.0,31.0,2876,2022-05-07 15:46:39,1.8.0,,,3.0,Rich-cli is a command line toolbox for fancy output in the terminal.,97.0,97.0,11.0,18,False,others,2,
23,frogmouth,Textualize/frogmouth,https://github.com/Textualize/frogmouth,https://github.com/Textualize/frogmouth,MIT,2023-04-03 08:41:03,2023-11-29 01:29:38,2023-11-28 15:46:18,430,5.0,30.0,11,33.0,24.0,28.0,2004,2023-11-02 20:14:13,0.9.1,,,8.0,A Markdown browser for your terminal.,5.0,5.0,5.0,18,True,others,2,
24,RecoverPy,PabloLec/RecoverPy,https://github.com/PabloLec/RecoverPy,https://github.com/PabloLec/RecoverPy,GPL-3.0,2021-02-24 14:42:33,2024-01-10 17:08:43,2024-01-10 17:08:35,993,104.0,50.0,14,326.0,,23.0,1101,2023-12-15 17:41:16,2.1.5,,,33.0,Interactively find and recover deleted or overwritten files from your terminal.,,,6.0,18,True,others,2,
25,improv,project-improv/improv,https://github.com/project-improv/improv,https://github.com/project-improv/improv,MIT,2018-09-14 17:55:04,2024-01-10 19:02:23,2024-01-07 00:56:13,1166,50.0,10.0,4,116.0,14.0,39.0,30,2024-01-01 02:11:22,0.2.1,2.0,2.0,3.0,Adaptive Platform for Neuroscience Experiments.,7.0,7.0,22.0,18,True,others,2,2.0
26,live-de-python,dunossauro/live-de-python,https://github.com/dunossauro/live-de-python,https://github.com/dunossauro/live-de-python,MIT,2017-04-26 20:48:33,2023-12-23 19:30:35,2023-12-23 19:30:31,422,7.0,199.0,81,55.0,197.0,157.0,1046,,,,,,Repositrio das lives de python semanais.,,,35.0,17,True,others,2,-1.0
27,iSponsorBlockTV,dmunozv04/iSponsorBlockTV,https://github.com/dmunozv04/iSponsorBlockTV,https://github.com/dmunozv04/iSponsorBlockTV,GPL-3.0,2022-01-15 18:26:33,2023-12-29 15:19:50,2023-12-19 07:24:45,195,65.0,45.0,9,40.0,18.0,62.0,809,2023-12-09 18:18:49,2.0.4,297.0,14.0,6.0,SponsorBlock client for all YouTube TV clients.,,,17.0,17,True,others,2,
28,di,adriangb/di,https://github.com/adriangb/di,https://github.com/adriangb/di,MIT,2021-07-26 06:11:37,2023-10-09 21:46:21,2023-10-09 21:42:13,501,,11.0,4,66.0,8.0,40.0,253,2023-10-09 21:46:10,0.79.2,,,100.0,Pythonic dependency injection.,128.0,128.0,9.0,17,True,others,2,-1.0
29,nomenklatura,opensanctions/nomenklatura,https://github.com/opensanctions/nomenklatura,https://github.com/opensanctions/nomenklatura,MIT,2012-07-15 09:53:28,2024-01-04 16:51:42,2024-01-04 16:51:34,1015,51.0,32.0,17,80.0,1.0,53.0,169,,,,,,Framework and command-line tools for integrating FollowTheMoney data streams from multiple sources.,21.0,21.0,9.0,17,True,others,2,
30,bowtie,bowtie-json-schema/bowtie,https://github.com/bowtie-json-schema/bowtie,https://github.com/bowtie-json-schema/bowtie,,2022-09-02 08:13:11,2024-01-11 14:15:52,2024-01-09 17:15:40,2678,636.0,20.0,6,631.0,68.0,68.0,37,2024-01-05 21:06:30,2024.1.3,274.0,34.0,100.0,JSON Schema in every programming language.,1.0,1.0,20.0,17,False,others,2,
31,XHS-Downloader,JoeanAmier/XHS-Downloader,https://github.com/JoeanAmier/XHS-Downloader,https://github.com/JoeanAmier/XHS-Downloader,GPL-3.0,2023-08-16 11:03:36,2024-01-10 15:09:35,2024-01-10 15:06:22,130,35.0,305.0,10,8.0,30.0,5.0,2293,2023-12-23 02:59:43,1.7,3925.0,981.0,8.0,AIOHTTP /.,,,3.0,16,True,others,2,
32,terraform-tui,idoavrah/terraform-tui,https://github.com/idoavrah/terraform-tui,https://github.com/idoavrah/terraform-tui,Apache-2.0,2023-07-20 08:23:57,2024-01-10 11:05:14,2024-01-10 11:04:44,105,61.0,25.0,11,41.0,,16.0,784,2024-01-10 11:05:14,0.12.4,,,28.0,Terraform textual UI.,,,4.0,16,True,others,2,2.0
33,Mys_Goods_Tool,Ljzd-PRO/Mys_Goods_Tool,https://github.com/Ljzd-PRO/Mys_Goods_Tool,https://github.com/Ljzd-PRO/Mys_Goods_Tool,MIT,2021-10-28 12:35:26,2023-10-11 14:20:57,2023-10-11 14:20:57,851,,72.0,7,28.0,14.0,105.0,462,2023-07-20 20:59:31,2.1.0,8225.0,304.0,26.0,| |.,,,6.0,16,True,others,2,-1.0
34,camply,juftin/camply,https://github.com/juftin/camply,https://github.com/juftin/camply,MIT,2021-04-18 01:07:59,2024-01-10 21:30:07,2024-01-10 21:25:51,219,8.0,67.0,15,200.0,10.0,47.0,356,2024-01-06 22:18:41,0.32.1,323.0,10.0,92.0,"camply, the campsite finder - a tool to find campsites at sold out campgrounds through sites like recreation.gov.",2.0,2.0,14.0,16,True,others,2,
35,jpterm,davidbrochart/jpterm,https://github.com/davidbrochart/jpterm,https://github.com/davidbrochart/jpterm,MIT,2021-12-30 11:31:32,2023-12-25 09:47:03,2023-12-25 09:46:39,143,31.0,3.0,5,58.0,2.0,9.0,165,2023-12-25 09:48:13,0.2.4,2942.0,226.0,22.0,Jupyter in the terminal.,,,,16,True,others,2,
36,LangChain-ChatGLM-Webui,X-D-Lab/LangChain-ChatGLM-Webui,https://github.com/X-D-Lab/LangChain-ChatGLM-Webui,https://github.com/X-D-Lab/LangChain-ChatGLM-Webui,Apache-2.0,2023-04-10 06:09:01,2023-09-30 17:18:31,2023-09-30 17:18:31,234,,400.0,25,19.0,37.0,85.0,2612,,,,,,LangChainChatGLM-6BLLM.,,,6.0,15,True,others,2,
37,termtyper,kraanzu/termtyper,https://github.com/kraanzu/termtyper,https://github.com/kraanzu/termtyper,MIT,2022-02-01 06:48:35,2024-01-08 16:05:01,2023-07-22 08:37:41,226,,35.0,8,20.0,11.0,22.0,979,2022-07-17 14:51:32,2.0.0,,,4.0,A typing application to level up your fingers!.,,,12.0,15,True,others,2,
38,redun,insitro/redun,https://github.com/insitro/redun,https://github.com/insitro/redun,Apache-2.0,2021-11-04 00:14:09,2023-11-12 15:12:29,2023-11-07 21:47:16,335,4.0,34.0,15,46.0,24.0,20.0,471,,,,,,Yet another redundant workflow engine.,13.0,13.0,31.0,15,True,others,2,
39,oterm,ggozad/oterm,https://github.com/ggozad/oterm,https://github.com/ggozad/oterm,MIT,2023-10-10 07:29:26,2024-01-11 09:09:52,2024-01-11 08:59:02,145,135.0,13.0,7,13.0,4.0,27.0,281,2024-01-11 09:09:52,0.1.19,,,5.0,a text-based terminal client for Ollama.,1.0,1.0,5.0,15,True,others,2,
40,markata,WaylonWalker/markata,https://github.com/WaylonWalker/markata,https://github.com/WaylonWalker/markata,MIT,2021-01-27 14:35:47,2024-01-04 02:18:38,2024-01-04 02:18:38,383,3.0,5.0,3,117.0,18.0,23.0,87,2024-01-02 17:51:43,0.8.0,1.0,0.0,17.0,A plugins all the way down static site generator written in python. Plugins all the way down means that you can..,26.0,26.0,6.0,15,True,others,2,-1.0
41,textual-plotext,Textualize/textual-plotext,https://github.com/Textualize/textual-plotext,https://github.com/Textualize/textual-plotext,MIT,2023-09-18 08:38:58,2023-11-06 10:24:59,2023-11-06 10:24:55,250,59.0,1.0,7,4.0,1.0,4.0,51,2023-10-26 12:57:24,0.2.1,,,3.0,A Textual widget wrapper library for Plotext.,18.0,18.0,,15,True,others,2,
42,cobib,mrossinek/cobib,https://github.com/mrossinek/cobib,https://github.com/mrossinek/cobib,MIT,2019-04-07 08:26:40,2024-01-10 19:44:39,2024-01-10 19:40:05,753,76.0,4.0,4,2.0,,,32,2023-12-15 11:59:00,4.4.0,,,8.0,Console Bibliography.,,,,15,True,others,2,
43,llm-strategy,BlackHC/llm-strategy,https://github.com/BlackHC/llm-strategy,https://github.com/BlackHC/llm-strategy,MIT,2022-12-21 00:23:47,2023-12-27 19:32:16,2023-12-27 19:27:59,58,20.0,20.0,6,5.0,,,360,2023-12-27 19:31:17,2.1.1,,,6.0,Directly Connecting Python to LLMs - Dataclasses & Interfaces - LLMs.,,,,14,True,others,2,2.0
44,dolphie,charles-001/dolphie,https://github.com/charles-001/dolphie,https://github.com/charles-001/dolphie,GPL-3.0,2022-09-05 00:43:48,2024-01-11 11:12:05,2024-01-10 00:58:31,169,9.0,18.0,9,11.0,,27.0,307,2023-11-19 06:35:31,3.2.0,,,27.0,An intuitive feature-rich terminal tool for monitoring MySQL in real-time.,,,4.0,14,True,others,2,
45,hexabyte,thetacom/hexabyte,https://github.com/thetacom/hexabyte,https://github.com/thetacom/hexabyte,GPL-3.0,2023-03-11 21:00:31,2023-12-08 22:58:02,2023-12-08 22:52:32,150,6.0,4.0,4,12.0,8.0,10.0,200,2023-12-15 18:50:02,0.8.4,50.0,5.0,11.0,"A modern, modular, and robust TUI hex editor.",4.0,4.0,,14,True,others,2,
46,spiel,JoshKarpel/spiel,https://github.com/JoshKarpel/spiel,https://github.com/JoshKarpel/spiel,MIT,2021-03-28 15:37:40,2024-01-08 23:48:01,2024-01-08 23:47:14,222,12.0,5.0,4,241.0,5.0,15.0,72,2023-04-21 23:53:02,0.5.1,,,13.0,Display richly-styled presentations using your terminal.,5.0,5.0,5.0,14,True,others,2,
47,uproot-browser,scikit-hep/uproot-browser,https://github.com/scikit-hep/uproot-browser,https://github.com/scikit-hep/uproot-browser,BSD-3-Clause,2021-07-22 03:35:43,2024-01-08 19:34:07,2023-11-28 17:35:29,151,3.0,7.0,2,138.0,9.0,14.0,70,2023-08-09 21:20:43,0.6.5,5591.0,186.0,17.0,A TUI viewer for ROOT files.,,,9.0,14,True,others,2,
48,config-client,amenezes/config-client,https://github.com/amenezes/config-client,https://github.com/amenezes/config-client,Apache-2.0,2019-02-12 04:30:32,2023-12-03 19:10:53,2023-12-03 19:10:45,217,6.0,14.0,3,24.0,1.0,25.0,21,2023-10-24 14:55:04,1.4.0,,,30.0,config-client package for spring cloud config and cloud foundry.,,,6.0,14,True,others,2,
49,flameshow,laixintao/flameshow,https://github.com/laixintao/flameshow,https://github.com/laixintao/flameshow,,2023-09-24 11:21:54,2024-01-09 02:15:12,2024-01-09 02:15:12,333,66.0,13.0,7,62.0,5.0,4.0,875,2024-01-08 08:00:25,1.1.2,,,10.0,A terminal Flamegraph viewer.,,,4.0,13,False,others,2,
50,Avilla,GraiaProject/Avilla,https://github.com/GraiaProject/Avilla,https://github.com/GraiaProject/Avilla,MIT,2021-05-29 08:44:59,2024-01-09 18:19:22,2024-01-09 18:19:09,1049,83.0,11.0,6,34.0,21.0,91.0,135,,,,,1.0,The next-gen framework for IM development. Powered by Graia Project.,,,6.0,13,True,others,2,
51,textual-inputs,sirfuzzalot/textual-inputs,https://github.com/sirfuzzalot/textual-inputs,https://github.com/sirfuzzalot/textual-inputs,MIT,2021-09-07 04:48:21,2023-03-18 20:17:07,2023-03-18 20:17:01,34,,11.0,3,22.0,,17.0,93,2022-06-12 01:06:49,0.2.6,,,6.0,Textual Inputs is a collection of input widgets for the Textual TUI framework.,99.0,99.0,7.0,13,True,others,2,
52,papyri,jupyter/papyri,https://github.com/jupyter/papyri,https://github.com/jupyter/papyri,MIT,2020-07-22 19:58:47,2024-01-11 15:05:59,2024-01-11 15:05:59,1615,165.0,15.0,13,270.0,75.0,29.0,76,,,,,,,1.0,1.0,14.0,13,False,others,2,
53,wasm-semantics,runtimeverification/wasm-semantics,https://github.com/runtimeverification/wasm-semantics,https://github.com/runtimeverification/wasm-semantics,,2015-08-18 22:55:24,2024-01-11 18:04:01,2023-12-22 10:44:08,743,46.0,15.0,25,496.0,19.0,44.0,74,,,,,,A Prototype Formal Semantics of WebAssembly in K.,,,22.0,13,False,others,2,
54,word-search-generator,joshbduncan/word-search-generator,https://github.com/joshbduncan/word-search-generator,https://github.com/joshbduncan/word-search-generator,MIT,2021-08-13 04:08:57,2024-01-04 17:01:03,2024-01-04 16:59:54,254,9.0,16.0,2,28.0,3.0,23.0,45,2023-05-02 16:15:57,3.3.0,,,5.0,Make awesome Word Search puzzles!.,4.0,4.0,3.0,13,True,others,2,-1.0
55,gupshup,kraanzu/gupshup,https://github.com/kraanzu/gupshup,https://github.com/kraanzu/gupshup,MIT,2022-01-15 10:55:36,2022-11-07 03:07:37,2022-11-07 03:07:37,151,,17.0,4,,3.0,4.0,362,2022-04-17 07:21:28,1.0.0,,,2.0,A TUI chat application writtten in python.,,,,12,False,others,3,
56,elia,darrenburns/elia,https://github.com/darrenburns/elia,https://github.com/darrenburns/elia,,2023-05-04 20:34:55,2024-01-03 08:25:01,2023-12-18 23:57:58,87,9.0,21.0,6,7.0,9.0,4.0,271,2023-12-18 23:58:36,0.5.0,,,4.0,A terminal ChatGPT client built with Textual.,,,4.0,12,False,others,3,
57,ChatGPTerminator,AineeJames/ChatGPTerminator,https://github.com/AineeJames/ChatGPTerminator,https://github.com/AineeJames/ChatGPTerminator,MIT,2023-03-13 20:14:49,2023-05-21 16:23:03,2023-05-17 06:04:05,208,,15.0,7,11.0,5.0,15.0,220,2023-05-15 18:04:00,0.1.11,,,11.0,GPTerminator provides a convenient way to interact with OpenAIs chat completion and image generation APIs using your..,,,5.0,12,True,others,3,
58,pdfalyzer,michelcrypt4d4mus/pdfalyzer,https://github.com/michelcrypt4d4mus/pdfalyzer,https://github.com/michelcrypt4d4mus/pdfalyzer,GPL-3.0,2022-09-14 18:51:50,2023-11-15 23:02:37,2023-11-15 23:02:35,166,8.0,17.0,4,4.0,1.0,7.0,196,2023-11-15 19:49:03,1.14.5,9.0,0.0,37.0,Analyze PDFs. With colors. And Yara.,,,4.0,12,True,others,3,
59,browsr,juftin/browsr,https://github.com/juftin/browsr,https://github.com/juftin/browsr,MIT,2023-05-03 05:26:39,2024-01-11 06:12:09,2024-01-10 21:35:31,73,5.0,7.0,4,23.0,4.0,9.0,123,2024-01-05 23:41:22,1.18.0,164.0,20.0,32.0,a pleasant file explorer in your terminal supporting remote and local filesystems.,,,4.0,12,True,others,3,
60,ddqa,DataDog/ddqa,https://github.com/DataDog/ddqa,https://github.com/DataDog/ddqa,MIT,2023-02-21 15:54:14,2023-12-21 10:09:23,2023-12-21 09:15:33,108,43.0,1.0,4,92.0,,,62,2023-06-21 13:21:30,0.4.0,113.0,12.0,5.0,Datadogs QA manager for releases of GitHub repositories.,,,7.0,12,True,others,3,
61,nonebot-plugin-chatrecorder,noneplugin/nonebot-plugin-chatrecorder,https://github.com/noneplugin/nonebot-plugin-chatrecorder,https://github.com/noneplugin/nonebot-plugin-chatrecorder,MIT,2022-01-31 14:02:09,2024-01-02 01:54:29,2024-01-02 01:54:29,182,12.0,7.0,2,27.0,1.0,9.0,40,2023-10-23 14:27:00,0.5.1,7.0,0.0,13.0,Nonebot2.,2.0,2.0,4.0,12,True,others,3,
62,netext,mahrz24/netext,https://github.com/mahrz24/netext,https://github.com/mahrz24/netext,MIT,2022-07-21 11:07:47,2023-12-06 16:48:33,2023-12-06 16:03:27,225,45.0,1.0,2,16.0,14.0,17.0,40,2023-11-13 19:53:25,0.2.1,6.0,0.0,4.0,Netext is a graph (network) rendering library for the terminal.,,,4.0,12,True,others,3,
63,cerberus,nus-apr/cerberus,https://github.com/nus-apr/cerberus,https://github.com/nus-apr/cerberus,MIT,2021-05-10 06:00:46,2024-01-11 13:22:24,2023-12-11 07:47:18,470,4.0,23.0,6,85.0,15.0,57.0,39,,,,,,Program repair platform that provides interface to multiple state-of-the-art program repair tools.,,,9.0,12,True,others,3,-2.0
64,0x0,mia-0/0x0,https://github.com/mia-0/0x0,https://github.com/mia-0/0x0,EUPL-1.2,2016-11-01 04:26:54,2023-06-04 04:37:32,2023-06-04 04:35:11,82,,125.0,26,10.0,,,1668,,,,,,No-bullshit file hosting and URL shortening service. Mirror of https://git.0x0.st/mia/0x0.,,,7.0,11,True,others,3,
65,textual-web,Textualize/textual-web,https://github.com/Textualize/textual-web,https://github.com/Textualize/textual-web,MIT,2023-08-15 13:13:44,2023-11-28 15:42:54,2023-11-28 15:32:26,130,7.0,12.0,9,17.0,12.0,6.0,501,2023-11-28 15:32:19,0.6.0,,,1.0,Run TUIs and terminals in your browser.,,,3.0,11,True,others,3,
66,girok,noisrucer/girok,https://github.com/noisrucer/girok,https://github.com/noisrucer/girok,GPL-3.0,2023-03-23 08:52:57,2023-10-02 08:32:28,2023-10-02 08:32:28,133,,9.0,9,13.0,12.0,22.0,438,2023-04-13 14:24:59,0.1.16,,,7.0,A powerful and beautiful CLI scheduler.,,,,11,True,others,3,
67,Instrukt,blob42/Instrukt,https://github.com/blob42/Instrukt,https://github.com/blob42/Instrukt,AGPL-3.0,2023-04-05 01:29:31,2023-09-02 10:27:26,2023-09-02 10:27:20,249,,21.0,7,1.0,3.0,2.0,206,2023-09-01 10:25:00,0.6.2,20.0,2.0,3.0,"Integrated AI environment in the terminal. Build, test and instruct agents.",,,,11,True,others,3,
68,rtui,eduidl/rtui,https://github.com/eduidl/rtui,https://github.com/eduidl/rtui,Apache-2.0,2022-03-20 13:28:45,2023-10-25 02:50:27,2023-10-25 02:50:21,74,48.0,8.0,6,12.0,4.0,1.0,189,2023-10-24 16:25:52,0.2.0,,,1.0,TUI tool for ROS.,,,2.0,11,True,others,3,
69,django-tui,anze3db/django-tui,https://github.com/anze3db/django-tui,https://github.com/anze3db/django-tui,MIT,2023-08-23 15:56:59,2023-12-19 17:17:28,2023-12-19 17:14:20,77,47.0,1.0,5,3.0,,1.0,188,2023-12-19 17:17:28,23.9,,,10.0,Inspect and run Django Commands in a text-based user interface (TUI).,5.0,5.0,2.0,11,True,others,3,
70,textual-autocomplete,darrenburns/textual-autocomplete,https://github.com/darrenburns/textual-autocomplete,https://github.com/darrenburns/textual-autocomplete,MIT,2022-11-22 16:49:26,2023-08-28 18:15:31,2023-06-26 08:37:12,90,,12.0,3,7.0,8.0,6.0,120,2023-03-28 10:00:13,2.1.0b0,,,6.0,Easily add autocomplete dropdowns to your Textual apps.,18.0,18.0,5.0,11,True,others,3,
71,logmerger,ptmcg/logmerger,https://github.com/ptmcg/logmerger,https://github.com/ptmcg/logmerger,MIT,2023-05-09 13:25:45,2023-12-10 21:30:50,2023-12-10 21:30:50,114,11.0,3.0,2,2.0,7.0,19.0,103,2023-12-07 09:22:28,0.8.0,17.0,4.0,9.0,TUI utility to view multiple log files with merged timeline.,,,2.0,11,True,others,3,
72,textual-astview,davep/textual-astview,https://github.com/davep/textual-astview,https://github.com/davep/textual-astview,MIT,2022-12-19 22:40:32,2023-10-10 20:12:23,2023-10-10 20:09:34,153,,3.0,2,2.0,,6.0,65,2023-10-10 20:12:23,0.8.0,,,11.0,A Textual-based Python AST viewing widget library and application.,,,,11,True,others,3,
73,nonebot-plugin-access-control,bot-ssttkkl/nonebot-plugin-access-control,https://github.com/bot-ssttkkl/nonebot-plugin-access-control,https://github.com/bot-ssttkkl/nonebot-plugin-access-control,MIT,2022-12-08 09:50:46,2024-01-01 18:14:06,2023-11-26 15:16:51,139,20.0,1.0,1,17.0,2.0,6.0,32,2023-11-26 15:18:17,1.1.5,6.0,0.0,18.0,Nonebot.,8.0,8.0,,11,True,others,3,
74,manifestoo,acsone/manifestoo,https://github.com/acsone/manifestoo,https://github.com/acsone/manifestoo,MIT,2021-04-29 09:25:47,2024-01-08 21:12:00,2023-11-02 10:06:35,212,4.0,15.0,16,51.0,7.0,5.0,27,2023-02-07 12:55:39,0.7,,,6.0,A tool to reason about Odoo addons manifests.,,,8.0,11,True,others,3,
75,plutus-core-semantics,runtimeverification/plutus-core-semantics,https://github.com/runtimeverification/plutus-core-semantics,https://github.com/runtimeverification/plutus-core-semantics,BSD-3-Clause,2017-06-04 15:06:49,2024-01-11 17:58:15,2023-05-02 22:42:41,489,,4.0,27,302.0,36.0,76.0,26,,,,,,,,,18.0,11,False,others,3,
76,jenkins-tui,chelnak/jenkins-tui,https://github.com/chelnak/jenkins-tui,https://github.com/chelnak/jenkins-tui,MIT,2021-10-04 17:03:17,2021-12-13 11:41:36,2021-12-13 11:41:36,76,,6.0,4,39.0,6.0,43.0,25,2021-11-27 09:28:56,0.2.2,,,12.0,An interactive TUI for Jenkins.,,,3.0,11,False,others,3,
77,textual-paint,1j01/textual-paint,https://github.com/1j01/textual-paint,https://github.com/1j01/textual-paint,MIT,2023-04-10 22:26:49,2023-09-22 17:30:09,2023-09-22 00:34:03,1473,,10.0,4,,4.0,2.0,860,,,,,,MS Paint in your terminal.,,,,10,True,others,3,
78,wtpython,VagishVela/wtpython,https://github.com/VagishVela/wtpython,https://github.com/VagishVela/wtpython,MIT,2021-07-09 14:30:30,2023-06-05 13:50:28,2021-11-24 11:35:58,342,,11.0,3,150.0,15.0,42.0,145,,,,,1.0,Automatically find solutions when your Python code encounters an issue.,,,10.0,10,False,others,3,
79,macnotesapp,RhetTbull/macnotesapp,https://github.com/RhetTbull/macnotesapp,https://github.com/RhetTbull/macnotesapp,MIT,2022-07-15 17:25:40,2023-09-03 16:05:48,2023-09-03 16:05:45,79,,3.0,7,10.0,23.0,7.0,95,2023-08-22 14:36:38,0_5_3,93.0,5.0,9.0,Work with Apple MacOS Notes.app from the command line. Also includes python interface for scripting Notes.app from..,1.0,1.0,3.0,10,True,others,3,
80,kaskade,sauljabin/kaskade,https://github.com/sauljabin/kaskade,https://github.com/sauljabin/kaskade,MIT,2021-09-15 22:09:16,2023-12-25 16:17:26,2023-11-22 17:24:05,230,1.0,6.0,6,1.0,9.0,7.0,84,2022-07-27 01:12:10,1.1.8,100.0,3.0,16.0,kaskade is a kafka text user interface that allows you to interact with kafka and consume topics from your terminal in..,1.0,1.0,2.0,10,True,others,3,
81,filequery,MarkyMan4/filequery,https://github.com/MarkyMan4/filequery,https://github.com/MarkyMan4/filequery,MIT,2023-02-12 23:46:00,2023-12-16 16:11:58,2023-12-16 16:11:54,86,39.0,2.0,1,9.0,16.0,13.0,83,2023-12-15 04:43:28,0.2.2,1.0,0.0,4.0,"Query CSV, JSON and Parquet files with SQL.",,,,10,True,others,3,
82,nettowel,InfrastructureAsCode-ch/nettowel,https://github.com/InfrastructureAsCode-ch/nettowel,https://github.com/InfrastructureAsCode-ch/nettowel,Apache-2.0,2022-02-19 17:03:39,2023-12-19 21:08:58,2023-10-29 13:38:15,78,3.0,5.0,4,25.0,,,54,2023-05-30 07:42:39,0.5.1,,,2.0,Collection of useful network automation functions.,,,2.0,10,True,others,3,
83,codelimit,getcodelimit/codelimit,https://github.com/getcodelimit/codelimit,https://github.com/getcodelimit/codelimit,ISC,2022-10-29 12:57:44,2023-12-03 21:41:07,2023-12-03 21:41:06,171,1.0,1.0,1,16.0,1.0,10.0,31,2023-10-07 10:34:03,0.7.0,102.0,7.0,13.0,Your Refactoring Alarm.,,,4.0,10,True,others,3,
84,baca,wustho/baca,https://github.com/wustho/baca,https://github.com/wustho/baca,GPL-3.0,2023-03-24 09:05:32,2023-11-21 00:41:46,2023-11-21 00:41:46,74,1.0,4.0,6,4.0,5.0,10.0,266,,,,,,TUI Ebook Reader.,14.0,14.0,2.0,9,True,others,3,
85,TenBagger,AramKoorn/TenBagger,https://github.com/AramKoorn/TenBagger,https://github.com/AramKoorn/TenBagger,Apache-2.0,2021-02-06 14:46:39,2022-05-08 14:37:06,2022-05-08 14:37:00,122,,4.0,1,8.0,3.0,4.0,56,2021-11-14 20:57:53,0.8.1,,,9.0,Analyse your stocks and crypto as one portfolio.,,,,9,False,others,3,
86,curator,AlexAltea/curator,https://github.com/AlexAltea/curator,https://github.com/AlexAltea/curator,Apache-2.0,2023-01-06 22:02:49,2023-10-31 15:25:41,2023-10-31 15:25:38,106,7.0,2.0,3,,4.0,13.0,54,,,,,,Automated normalization and curating of media collections.,38.0,38.0,,9,True,others,3,
87,humble-explorer,koenvervloesem/humble-explorer,https://github.com/koenvervloesem/humble-explorer,https://github.com/koenvervloesem/humble-explorer,MIT,2022-12-01 11:12:00,2023-11-25 18:19:50,2023-11-25 18:19:46,96,1.0,,4,51.0,,3.0,42,2023-03-19 19:20:46,0.5.0,,,9.0,"Cross-platform, command-line and human-friendly Bluetooth Low Energy scanner.",,,,9,True,others,3,
88,ai-rag-chat-evaluator,Azure-Samples/ai-rag-chat-evaluator,https://github.com/Azure-Samples/ai-rag-chat-evaluator,https://github.com/Azure-Samples/ai-rag-chat-evaluator,MIT,2023-11-21 00:47:02,2024-01-10 20:50:44,2024-01-10 20:50:44,19,19.0,9.0,37,1.0,1.0,,30,,,,,,Tools for evaluation of RAG Chat Apps using Azure AI Evaluate SDK and OpenAI.,,,5.0,9,True,others,3,
89,adapter-console,nonebot/adapter-console,https://github.com/nonebot/adapter-console,https://github.com/nonebot/adapter-console,,2022-04-30 11:57:42,2024-01-02 02:50:13,2024-01-02 02:50:10,51,5.0,3.0,2,25.0,,3.0,29,2023-07-26 14:57:39,0.4.0,31.0,2.0,4.0,NoneBot2 / Console adapter for nonebot2.,28.0,28.0,7.0,9,False,others,3,
90,pytest-tui,jeffwright13/pytest-tui,https://github.com/jeffwright13/pytest-tui,https://github.com/jeffwright13/pytest-tui,MIT,2022-04-09 14:56:50,2024-01-07 14:01:30,2024-01-07 13:09:49,256,4.0,,2,9.0,31.0,72.0,24,,,,,,"A Text User Interface (TUI) for Pytest, with console scripts to launch a TUI or an HTML page.",,,3.0,9,True,others,3,
91,sqeleton,datafold/sqeleton,https://github.com/datafold/sqeleton,https://github.com/datafold/sqeleton,MIT,2022-11-22 15:48:24,2023-05-02 10:25:59,2023-05-02 10:25:59,128,,13.0,2,34.0,,,20,2023-04-03 10:07:16,0.0.8,,,3.0,,24.0,24.0,11.0,9,False,others,3,
92,NoteSH,Cvaniak/NoteSH,https://github.com/Cvaniak/NoteSH,https://github.com/Cvaniak/NoteSH,MIT,2023-02-02 22:20:04,2023-10-03 21:29:08,2023-10-03 21:27:51,20,,15.0,7,3.0,4.0,3.0,393,,,,,,NoteSH fully functional sticky notes App in your Terminal!.,,,3.0,8,True,others,3,
93,python-base,rochacbruno/python-base,https://github.com/rochacbruno/python-base,https://github.com/rochacbruno/python-base,,2022-02-04 17:06:58,2022-04-20 13:04:18,2022-04-20 13:04:13,56,,76.0,19,2.0,4.0,,188,,,,,,https://www.linuxtips.io/products/python-base.,,,,8,False,others,3,
94,wsrepl,doyensec/wsrepl,https://github.com/doyensec/wsrepl,https://github.com/doyensec/wsrepl,,2023-06-12 14:28:50,2023-09-26 09:10:54,2023-09-26 09:10:51,21,,8.0,4,2.0,1.0,1.0,149,2023-07-18 16:02:31,0.2.0,,,2.0,WebSocket REPL for pentesters.,,,3.0,8,False,others,3,
95,usolitaire,eliasdorneles/usolitaire,https://github.com/eliasdorneles/usolitaire,https://github.com/eliasdorneles/usolitaire,MIT,2017-04-17 15:29:47,2023-07-31 11:51:30,2023-07-30 23:14:13,83,,6.0,7,3.0,,4.0,87,,,,,,"Solitaire in your terminal, powered by Unicode and https://textual.textualize.io/.",,,3.0,8,True,others,3,
96,textual-imageview,adamviola/textual-imageview,https://github.com/adamviola/textual-imageview,https://github.com/adamviola/textual-imageview,MIT,2023-01-02 06:31:53,2023-01-08 05:18:54,2023-01-08 05:18:51,7,,3.0,3,,1.0,,64,,,,,,A simple terminal-based image viewer.,7.0,7.0,,8,True,others,3,2.0
97,words-tui,anze3db/words-tui,https://github.com/anze3db/words-tui,https://github.com/anze3db/words-tui,MIT,2023-07-31 18:50:43,2023-12-04 12:09:43,2023-12-04 12:07:02,66,2.0,,2,1.0,,,39,2023-12-04 12:09:43,"23,6",,,7.0,A TUI (Text User Interface) app for daily writing.,,,,8,True,others,3,2.0
98,nawwa_scalper_tool,CryptoNawwa/nawwa_scalper_tool,https://github.com/CryptoNawwa/nawwa_scalper_tool,https://github.com/CryptoNawwa/nawwa_scalper_tool,MIT,2022-09-14 23:20:16,2023-02-02 18:10:33,2023-02-02 18:10:33,39,,4.0,3,2.0,,,24,,,,,,Deprecated - Smol bybit scalper tool to create scaling orders & other things.,,,3.0,8,True,others,3,
99,dask-ctl,dask-contrib/dask-ctl,https://github.com/dask-contrib/dask-ctl,https://github.com/dask-contrib/dask-ctl,BSD-3-Clause,2021-01-21 17:19:07,2022-12-08 13:34:08,2022-11-30 15:11:19,55,,14.0,5,47.0,8.0,8.0,22,,,,,,Tools to provide a control plane for managing the lifecycle of Dask clusters.,1.0,1.0,3.0,8,False,others,3,
100,summ,yasyf/summ,https://github.com/yasyf/summ,https://github.com/yasyf/summ,AGPL-3.0,2023-01-25 06:49:37,2023-03-29 21:13:49,2023-03-29 03:00:27,145,,6.0,4,1.0,1.0,6.0,143,,,,,,GPT-based Conversation Summarizer.,6.0,6.0,2.0,7,True,others,3,
101,net-textorial,dannywade/net-textorial,https://github.com/dannywade/net-textorial,https://github.com/dannywade/net-textorial,MIT,2022-11-02 10:53:45,2023-06-06 13:25:36,2023-05-09 01:51:22,37,,5.0,3,4.0,,,47,,,,,,A TUI app for network engineers to learn about parsing data from network devices.,,,2.0,7,True,others,3,
102,supernote-sync-tool,RohanGautam/supernote-sync-tool,https://github.com/RohanGautam/supernote-sync-tool,https://github.com/RohanGautam/supernote-sync-tool,Apache-2.0,2021-11-16 02:24:51,2023-01-25 01:29:40,2023-01-25 01:29:40,85,,1.0,3,2.0,,,47,,,,,,Simple terminal app to sync supernote notes to a local directory and convert them to a pdf.,,,3.0,7,True,others,3,
103,llmo,knowsuchagency/llmo,https://github.com/knowsuchagency/llmo,https://github.com/knowsuchagency/llmo,Apache-2.0,2023-05-21 19:31:33,2023-06-05 21:44:01,2023-06-05 21:44:00,39,,1.0,3,,1.0,,39,,,,,,Your friendly terminal-based AI pair programmer.,,,,7,True,others,3,
104,textual-select,mitosch/textual-select,https://github.com/mitosch/textual-select,https://github.com/mitosch/textual-select,MIT,2022-12-16 09:32:29,2023-06-12 13:23:37,2023-06-12 13:20:06,33,,3.0,1,1.0,,4.0,36,,,,,,A simple drop-down (select) for textual with an optional search functionality.,8.0,8.0,2.0,7,True,others,3,
105,jaypore_ci,theSage21/jaypore_ci,https://github.com/theSage21/jaypore_ci,https://github.com/theSage21/jaypore_ci,MIT,2022-12-03 03:34:57,2023-06-03 17:03:43,2023-04-14 03:15:42,87,,2.0,3,2.0,,,32,,,,,,"A small, very flexible, powerful CI system. Works offline and is configured in Python.",,,4.0,7,True,others,3,
106,stepview,vincentclaes/stepview,https://github.com/vincentclaes/stepview,https://github.com/vincentclaes/stepview,GPL-3.0,2022-03-31 18:01:12,2022-05-31 18:24:28,2022-05-31 18:24:28,79,,2.0,7,12.0,2.0,,28,2022-05-23 19:50:21,0.4.1,,,9.0,All your AWS Stepfunctions at a glance in the terminal!.,,,2.0,7,False,others,3,
107,explorer,theengs/explorer,https://github.com/theengs/explorer,https://github.com/theengs/explorer,GPL-3.0,2022-06-27 07:58:09,2023-01-15 19:10:56,2022-11-16 11:59:41,26,,4.0,7,16.0,1.0,,23,,,,,,Text user interface to discover BLE devices and show their raw advertisement data and decoded data.,,,3.0,7,False,others,3,
108,textual-markdown,willmcgugan/textual-markdown,https://github.com/willmcgugan/textual-markdown,https://github.com/willmcgugan/textual-markdown,MIT,2022-12-14 12:39:22,2023-03-07 09:46:33,2023-03-07 09:46:33,25,,9.0,6,7.0,5.0,1.0,505,,,,,,,,,2.0,6,False,others,3,
109,ElevateAIPythonSDK,NICEElevateAI/ElevateAIPythonSDK,https://github.com/NICEElevateAI/ElevateAIPythonSDK,https://github.com/NICEElevateAI/ElevateAIPythonSDK,MIT,2023-01-12 15:23:26,2023-10-17 14:08:56,2023-10-17 14:08:53,30,1.0,,4,2.0,,,113,,,,,,ElevateAI - Speech-to-text API Python SDK.,,,4.0,6,True,others,3,-2.0
110,tuilwindcss,koaning/tuilwindcss,https://github.com/koaning/tuilwindcss,https://github.com/koaning/tuilwindcss,,2022-10-24 12:05:34,2023-08-07 17:00:41,2023-08-07 17:00:41,36,,3.0,3,4.0,5.0,,70,,,,,,"Very much like Tailwind, but for TUI frameworks in Textual.",,,4.0,6,False,others,3,
111,wordle-tui,frostming/wordle-tui,https://github.com/frostming/wordle-tui,https://github.com/frostming/wordle-tui,MIT,2022-01-17 11:02:31,2022-04-24 00:30:30,2022-04-24 00:30:30,21,,6.0,2,2.0,3.0,2.0,62,,,,,,Play WORDLE game in your terminal.,,,3.0,6,False,others,3,
112,text-is-all-you-need,jflam/text-is-all-you-need,https://github.com/jflam/text-is-all-you-need,https://github.com/jflam/text-is-all-you-need,AGPL-3.0,2023-01-28 02:16:24,2023-03-03 00:18:52,2023-03-03 00:18:49,37,,3.0,2,,,,37,,,,,,Team lazys approach to UI for the AIs.,,,,6,True,others,3,
113,markata-todoui,WaylonWalker/markata-todoui,https://github.com/WaylonWalker/markata-todoui,https://github.com/WaylonWalker/markata-todoui,,2022-04-14 15:22:19,2023-09-30 19:38:03,2022-05-16 13:28:51,17,,2.0,3,10.0,3.0,5.0,30,2022-05-22 23:48:57,0.0.4,,,4.0,A todo plugin for markata. It is a tui (text user interface) that runs in the terminal using textual. It gives me a..,,,3.0,6,False,others,3,
114,http-tui,treyhunner/http-tui,https://github.com/treyhunner/http-tui,https://github.com/treyhunner/http-tui,MIT,2023-03-12 05:07:49,2023-12-03 18:44:36,2023-03-25 17:47:46,6,,1.0,3,1.0,1.0,,24,,,,,,HTTP API Client TUI.,,,2.0,6,True,others,3,
115,rich-diff,sureshdsk/rich-diff,https://github.com/sureshdsk/rich-diff,https://github.com/sureshdsk/rich-diff,MIT,2021-09-16 14:06:39,2021-09-16 14:15:58,2021-09-16 14:15:52,4,,,3,,1.0,,23,,,,,,CLI based diff viewer.,,,,6,False,others,3,
116,Tsubame,DoranekoSystems/Tsubame,https://github.com/DoranekoSystems/Tsubame,https://github.com/DoranekoSystems/Tsubame,GPL-3.0,2023-01-22 11:21:25,2023-07-22 23:46:02,2023-07-22 23:45:58,43,,3.0,1,,,3.0,22,,,,,,Cross Platform TUI based process memory analyzer.,,,,6,True,others,3,
117,upiano,eliasdorneles/upiano,https://github.com/eliasdorneles/upiano,https://github.com/eliasdorneles/upiano,,2017-07-30 12:46:20,2023-08-13 13:50:36,2023-08-13 13:50:28,46,,16.0,8,2.0,6.0,2.0,500,,,,,,A Piano in your terminal.,,,2.0,5,False,others,3,
118,shira,darrenburns/shira,https://github.com/darrenburns/shira,https://github.com/darrenburns/shira,,2022-11-11 12:16:31,2023-02-17 23:18:23,2022-11-12 10:36:15,16,,1.0,5,,1.0,,156,,,,,,the python inspector.,,,,5,False,others,3,
119,kupo,darrenburns/kupo,https://github.com/darrenburns/kupo,https://github.com/darrenburns/kupo,,2022-04-09 18:52:43,2023-09-20 19:28:38,2023-09-20 19:28:35,72,,6.0,11,,1.0,1.0,147,,,,,,"A terminal file browser, kupo!.",,,,5,False,others,3,
120,ToastCord,Traumatism/ToastCord,https://github.com/Traumatism/ToastCord,https://github.com/Traumatism/ToastCord,,2021-12-19 07:49:48,2022-02-24 05:10:30,2022-02-24 05:10:20,99,,8.0,4,,1.0,6.0,105,,,,,,A Terminal UI for Discord (deprecated).,,,2.0,5,False,others,3,
121,talksheet,danthelion/talksheet,https://github.com/danthelion/talksheet,https://github.com/danthelion/talksheet,,2023-02-27 10:46:40,2023-03-04 16:32:32,2023-03-04 16:32:28,11,,4.0,6,,,,95,,,,,,A GPT powered CLI tool that answers questions about your data.,,,,5,False,others,3,
122,textual-terminal,mitosch/textual-terminal,https://github.com/mitosch/textual-terminal,https://github.com/mitosch/textual-terminal,LGPL-3.0,2023-01-26 08:29:11,2023-01-29 14:27:49,2023-01-29 14:27:07,16,,3.0,3,,4.0,2.0,72,,,,,,A terminal emulator widget for Textual.,,,,5,True,others,3,
123,sqlib,zhostev/sqlib,https://github.com/zhostev/sqlib,https://github.com/zhostev/sqlib,,2023-08-23 07:09:17,2023-12-28 09:22:11,2023-12-28 09:22:11,80,5.0,10.0,3,5.0,,,51,,,,,,"Introduction to the decoupling solutions of qlib, an open-source software library for signal processing and machine..",,,2.0,5,False,others,3,2.0
124,mmr,9600dev/mmr,https://github.com/9600dev/mmr,https://github.com/9600dev/mmr,,2021-08-30 06:56:07,2023-05-27 20:28:34,2023-05-27 20:28:23,185,,11.0,7,1.0,1.0,2.0,43,,,,,,Python based algorithmic trading platform for Interactive Brokers.,,,2.0,5,False,others,3,
125,RichWatch,Cvaniak/RichWatch,https://github.com/Cvaniak/RichWatch,https://github.com/Cvaniak/RichWatch,MIT,2021-10-29 19:14:35,2021-11-19 15:37:50,2021-11-19 15:33:48,7,,1.0,2,8.0,,,23,,,,,,RichWatch is wrapper around AWS Cloud Watch to display beautiful logs with help of Python library Rich.,,,,5,False,others,3,
126,mactop,laixintao/mactop,https://github.com/laixintao/mactop,https://github.com/laixintao/mactop,GPL-3.0,2023-12-05 09:12:42,2023-12-06 08:58:11,2023-12-06 08:58:08,13,13.0,1.0,2,4.0,1.0,,128,,,,,,,,,,4,False,others,3,
127,pypod,bmwant/pypod,https://github.com/bmwant/pypod,https://github.com/bmwant/pypod,,2022-12-09 18:46:58,2023-01-28 20:34:28,2023-01-28 20:34:23,61,,,2,,3.0,2.0,29,2023-01-03 14:40:02,0.1.2,16.0,1.0,3.0,Python terminal music player.,,,,4,False,others,3,
128,textual-filedrop,agmmnn/textual-filedrop,https://github.com/agmmnn/textual-filedrop,https://github.com/agmmnn/textual-filedrop,,2022-12-17 16:14:30,2023-03-22 17:59:15,2023-03-22 17:56:19,29,,3.0,2,1.0,1.0,3.0,19,2023-03-22 17:59:15,0.3.5,19.0,1.0,10.0,"FileDrop widget for Textual, easily drag and drop files into your terminal apps.",,,2.0,4,False,others,3,
129,Suspicion-Agent,CR-Gjx/Suspicion-Agent,https://github.com/CR-Gjx/Suspicion-Agent,https://github.com/CR-Gjx/Suspicion-Agent,,2023-09-30 11:51:17,2023-11-08 08:02:01,2023-11-08 08:01:58,9,2.0,10.0,4,,,1.0,105,,,,,,The implementation of Suspicion-Agent: Playing Imperfect Information Games with Theory of Mind Aware GPT-4.,,,,3,False,others,3,
130,textualog,rhuygen/textualog,https://github.com/rhuygen/textualog,https://github.com/rhuygen/textualog,,2022-04-26 06:42:58,2022-06-14 19:56:13,2022-06-14 19:46:06,48,,2.0,1,,1.0,1.0,30,,,,,,"Display, filter and search log messages in your terminal.",,,,3,False,others,3,
